id,name,country,primaryRole,iplTeams,headshot_url
ind_ms_dhoni,Mahendra Singh Dhoni,India,WK-Bat,CSK;RPS,
nz_brendon_mccullum,Brendon McCullum,New Zealand,WK-Bat,CSK;GL;KKR;KTK;RCB,
sa_faf_du_plessis,Faf du Plessis,South Africa,Batsman,CSK;DC;RCB;RPS,
pak_shahid_afridi,Shahid Afridi,Pakistan,Spin Bowler,DCH,
nz_mitchell_santner,Mitchell Santner,New Zealand,Spin Bowler,CSK;MI,
sl_kusal_mendis,Kusal Mendis,Sri Lanka,WK-Bat,GT,
nz_tom_latham,Tom Latham,New Zealand,WK-Bat,,
wi_denesh_ramdin,Denesh Ramdin,West Indies,WK-Bat,,
wi_nicholas_pooran,Nicholas Pooran,West Indies,WK-Bat,LSG;PBKS;SRH,
sl_kusal_perera,Kusal Perera,Sri Lanka,WK-Bat,RR,
nz_daryl_mitchell,Daryl Mitchell,New Zealand,Batsman,CSK;RR,
wi_darren_bravo,Darren Bravo,West Indies,Batsman,KKR,
nz_jimmy_neesham,Jimmy Neesham,New Zealand,All-Rounder,DC;MI;PBKS;RR,
sl_lahiru_thirimanne,Lahiru Thirimanne,Sri Lanka,Batsman,DCH,
sl_dhananjaya_de_silva,Dhananjaya de Silva,Sri Lanka,All-Rounder,,
sl_dasun_shanaka,Dasun Shanaka,Sri Lanka,Fast Bowler,GT,
ind_shardul_thakur,Shardul Thakur,India,Fast Bowler,CSK;DC;KKR;LSG;PBKS;RPS,
wi_rovman_powell,Rovman Powell,West Indies,Batsman,DC;KKR;RR,
wi_alzarri_joseph,Alzarri Joseph,West Indies,Fast Bowler,GT;MI;RCB,
nz_jacob_oram,Jacob Oram,New Zealand,All-Rounder,CSK;MI;RR,
ind_kedar_jadhav,Kedar Jadhav,India,WK-Bat,CSK;DC;KTK;RCB;SRH,
sa_heinrich_klaasen,Heinrich Klaasen,South Africa,WK-Bat,RCB;RR;SRH,
nz_devon_conway,Devon Conway,New Zealand,WK-Bat,CSK,
sl_pathum_nissanka,Pathum Nissanka,Sri Lanka,Batsman,,
sl_maheesh_theekshana,Maheesh Theekshana,Sri Lanka,Spin Bowler,CSK;RR,
nz_glenn_phillips,Glenn Phillips,New Zealand,Fast Bowler,RR;SRH,
sl_dushmantha_chameera,Dushmantha Chameera,Sri Lanka,Fast Bowler,DC;KKR;LSG,
ind_deepak_hooda,Deepak Hooda,India,Batsman,CSK;LSG;PBKS;RR;SRH,
ind_mohit_sharma,Mohit Sharma,India,Fast Bowler,CSK;DC;GT;PBKS,
nz_henry_nicholls,Henry Nicholls,New Zealand,Batsman,,
nz_nathan_mccullum,Nathan McCullum,New Zealand,WK-Bat,PW,
sa_chris_morris,Chris Morris,South Africa,Fast Bowler,CSK;DC;RCB;RR,
sl_ck_kapugedera,Chamara Kapugedera,Sri Lanka,Batsman,CSK,
sa_he_van_der_dussen,Rassie van der Dussen,South Africa,Batsman,RR,
eng_ls_livingstone,Liam Livingstone,England,Fast Bowler,PBKS;RCB;RR,
wi_e_lewis,Evin Lewis,West Indies,Batsman,LSG;MI;RR,
sl_kic_asalanka,Charith Asalanka,Sri Lanka,Fast Bowler,,
ind_hv_patel,Harshal Patel,India,Fast Bowler,DC;PBKS;RCB;SRH,
eng_tt_bresnan,Tim Bresnan,England,Fast Bowler,,
eng_hc_brook,Harry Brook,England,Batsman,SRH,
ind_sandeep_sharma,Sandeep Sharma,India,Fast Bowler,PBKS;RR;SRH,
aus_gb_hogg,Brad Hogg,Australia,Fast Bowler,KKR;RR,
sl_crd_fernando,Chandika Fernando,Sri Lanka,Fast Bowler,MI,
ind_ca_pujara,Cheteshwar Pujara,India,Batsman,KKR;PBKS;RCB,
sl_n_dickwella,Niroshan Dickwella,Sri Lanka,WK-Bat,,
pak_faheem_ashraf,Faheem Ashraf,Pakistan,Fast Bowler,,
wi_ba_king,Brandon King,West Indies,Batsman,,
nz_c_munro,Colin Munro,New Zealand,Batsman,DC;KKR,
pak_mohammad_nawaz,Mohammad Nawaz,Pakistan,Fast Bowler,,
ind_jd_unadkat,Jaydev Unadkat,India,Fast Bowler,DC;KKR;LSG;MI;RCB;RPS;RR;SRH,
sl_mf_maharoof,Farveez Maharoof,Sri Lanka,Fast Bowler,DC,
nz_cj_anderson,Corey Anderson,New Zealand,Fast Bowler,DC;MI;RCB,
sa_a_nortje,Anrich Nortje,South Africa,Fast Bowler,DC;KKR,
wi_r_shepherd,Romario Shepherd,West Indies,Fast Bowler,LSG;MI;RCB;SRH,
nz_mj_mcclenaghan,Mitchell McClenaghan,New Zealand,Fast Bowler,MI,
wi_aj_hosein,Akeal Hosein,West Indies,Fast Bowler,SRH,
sa_t_shamsi,Tabraiz Shamsi,South Africa,Spin Bowler,RCB;RR,
nz_ms_chapman,Mark Chapman,New Zealand,Batsman,,
eng_ijl_trott,Jonathan Trott,England,Batsman,,
sa_al_phehlukwayo,Andile Phehlukwayo,South Africa,Fast Bowler,,
nz_l_ronchi,Luke Ronchi,New Zealand,WK-Bat,MI,
eng_dj_willey,David Willey,England,Fast Bowler,CSK;RCB,
ind_cv_varun,Chakravarthy Varun,India,Fast Bowler,KKR;PBKS,
wi_j_charles,Johnson Charles,West Indies,WK-Bat,,
aus_c_green,Cameron Green,Australia,Fast Bowler,MI;RCB,
aus_nw_bracken,Nathan Bracken,Australia,Fast Bowler,,
ind_n_rana,Nitish Rana,India,Batsman,KKR;MI;RR,
eng_pd_salt,Phil Salt,England,Batsman,DC;KKR;RCB,
pak_asif_ali,Asif Ali,Pakistan,Batsman,,
ind_str_binny,Stuart Binny,India,Fast Bowler,MI;RCB;RR,
ind_ybk_jaiswal,Yashasvi Jaiswal,India,Batsman,RR,
ind_ravi_bishnoi,Ravi Bishnoi,India,Spin Bowler,LSG;PBKS,
aus_jr_hopes,James Hopes,Australia,Fast Bowler,DC;PBKS,
ind_abhishek_sharma,Abhishek Sharma,India,Batsman,DC;SRH,
nz_af_milne,Adam Milne,New Zealand,Fast Bowler,CSK;MI;RCB,
ind_mk_tiwary,Manoj Tiwary,India,Batsman,DC;KKR;PBKS;RPS,
sa_m_jansen,Marco Jansen,South Africa,Fast Bowler,MI;PBKS;SRH,
pak_agha_salman,Agha Salman,Pakistan,Fast Bowler,,
wi_fh_edwards,Fidel Edwards,West Indies,Fast Bowler,DCH,
nz_jd_ryder,Jesse Ryder,New Zealand,Batsman,PW;RCB,
ind_m_kaif,Mohammad Kaif,India,Batsman,PBKS;RCB;RR,
ind_avesh_khan,Avesh Khan,India,Fast Bowler,DC;LSG;RCB;RR,
ind_ds_kulkarni,Dhawal Kulkarni,India,Fast Bowler,GL;MI;RR,
eng_lj_wright,Luke Wright,England,Fast Bowler,PW,
pak_junaid_khan,Junaid Khan,Pakistan,Fast Bowler,,
sa_t_stubbs,Tristan Stubbs,South Africa,Batsman,DC;MI,
ind_rd_gaikwad,Ruturaj Gaikwad,India,Batsman,CSK,
sa_vd_philander,Vernon Philander,South Africa,Fast Bowler,,
wi_kr_mayers,Kyle Mayers,West Indies,Fast Bowler,LSG,
ind_m_prasidh_krishna,Prasidh Krishna,India,Fast Bowler,GT;KKR;RR,
sa_f_behardien,Farhaan Behardien,South Africa,Batsman,PBKS,
aus_nm_coulter_nile,Nathan Coulter-Nile,Australia,Fast Bowler,DC;KKR;MI;RR,
ind_v_shankar,Vijay Shankar,India,Batsman,CSK;DC;GT;SRH,
ind_tilak_varma,Tilak Varma,India,Batsman,MI,
sl_md_gunathilaka,Danushka Gunathilaka,Sri Lanka,Batsman,,
nz_wa_young,Will Young,New Zealand,Batsman,,
ind_rk_singh,Robin Singh,India,Batsman,KKR,
wi_cr_brathwaite,Carlos Brathwaite,West Indies,Fast Bowler,DC;KKR;SRH,
nz_se_bond,Shane Bond,New Zealand,Fast Bowler,KKR,
ind_ss_tiwary,Saurabh Tiwary,India,Batsman,DC;MI;RCB;RPS,
sa_d_elgar,Dean Elgar,South Africa,Batsman,,
ind_kv_sharma,Karn Sharma,India,Fast Bowler,CSK;MI;RCB;SRH,
wi_sj_benn,Sulieman Benn,West Indies,Fast Bowler,,
eng_wb_rankin,Boyd Rankin,England,Fast Bowler,,
pak_iftikhar_ahmed,Iftikhar Ahmed,Pakistan,Fast Bowler,,
ind_r_parag,Riyan Parag,India,Batsman,RR,
aus_sm_katich,Simon Katich,Australia,Batsman,PBKS,
eng_sj_harmison,Steve Harmison,England,Fast Bowler,,
sl_n_pradeep,Nuwan Pradeep,Sri Lanka,Fast Bowler,,
ban_afif_hossain,Afif Hossain,Bangladesh,Batsman,,
wi_se_rutherford,Sherfane Rutherford,West Indies,Batsman,DC;GT;RCB,
sl_tt_samaraweera,Thilan Samaraweera,Sri Lanka,Batsman,,
nz_tl_seifert,Tim Seifert,New Zealand,WK-Bat,DC;KKR,
sa_ll_tsotsobe,Lonwabo Tsotsobe,South Africa,Fast Bowler,,
wi_g_motie,Gudakesh Motie,West Indies,Fast Bowler,,
sl_cbrls_kumara,CBRLS Kumara,Sri Lanka,Fast Bowler,,
sl_wia_fernando,Wanindu Fernando,Sri Lanka,Batsman,,
ind_rd_chahar,Rahul Chahar,India,Fast Bowler,MI;PBKS;RPS;SRH,
sa_r_mclaren,Ryan McLaren,South Africa,Fast Bowler,KKR;MI;PBKS,
wi_d_bishoo,Devendra Bishoo,West Indies,Fast Bowler,,
wi_st_gabriel,Shannon Gabriel,West Indies,Fast Bowler,,
pak_saim_ayub,Saim Ayub,Pakistan,Fast Bowler,,
wi_ads_fletcher,Andre Fletcher,West Indies,WK-Bat,,
sa_ck_langeveldt,Charl Langeveldt,South Africa,Fast Bowler,KKR;RCB,
sl_phkd_mendis,PHKD Mendis,Sri Lanka,Batsman,SRH,
sl_bmaj_mendis,BMAJ Mendis,Sri Lanka,Fast Bowler,DC,
sl_a_dananjaya,Akila Dananjaya,Sri Lanka,Fast Bowler,MI,
ban_mahedi_hasan,Mahedi Hasan,Bangladesh,Fast Bowler,,
ind_y_venugopal_rao,Yalaka Venugopal Rao,India,Batsman,DC;DCH;SRH,
ban_aftab_ahmed,Aftab Ahmed,Bangladesh,Batsman,,
wi_ds_smith,Devon Smith,West Indies,Batsman,,
aus_bw_hilfenhaus,Ben Hilfenhaus,Australia,Fast Bowler,CSK,
sa_jm_kemp,Justin Kemp,South Africa,Batsman,CSK,
ban_shahriar_nafees,Shahriar Nafees,Bangladesh,Batsman,,
aus_kw_richardson,Kane Richardson,Australia,Fast Bowler,PW;RCB;RR,
nz_fh_allen,Finn Allen,New Zealand,Batsman,,
ind_s_nadeem,Shahbaz Nadeem,India,Fast Bowler,DC;SRH,
eng_tk_curran,Tom Curran,England,Fast Bowler,DC;KKR;RR,
ban_shahadat_hossain,Shahadat Hossain,Bangladesh,Fast Bowler,,
ban_nurul_hasan,Nurul Hasan,Bangladesh,WK-Bat,,
sl_s_samarawickrama,Sadeera Samarawickrama,Sri Lanka,WK-Bat,,
ind_vr_iyer,Venkatesh Iyer,India,Batsman,KKR,
aus_sr_clark,Stuart Clark,Australia,Fast Bowler,,
nz_cs_martin,Chris Martin,New Zealand,Fast Bowler,,
aus_nm_hauritz,Nathan Hauritz,Australia,Fast Bowler,,
nz_daj_bracewell,Doug Bracewell,New Zealand,Fast Bowler,DC,
eng_rjw_topley,Reece Topley,England,Fast Bowler,MI;RCB,
ban_naeem_islam,Naeem Islam,Bangladesh,Fast Bowler,,
pak_nasir_jamshed,Nasir Jamshed,Pakistan,Batsman,,
ind_jm_sharma,Jitesh Sharma,India,WK-Bat,PBKS;RCB,
aus_cj_mckay,Clint McKay,Australia,Fast Bowler,MI,
sa_rd_rickelton,Ryan Rickelton,South Africa,WK-Bat,MI,
nz_ja_duffy,Jacob Duffy,New Zealand,Fast Bowler,,
aus_ac_voges,Adam Voges,Australia,Batsman,RR,
nz_ta_blundell,Tom Blundell,New Zealand,WK-Bat,,
wi_dbl_powell,Dwayne Bravo Powell,West Indies,Fast Bowler,,
eng_oj_pope,Ollie Pope,England,Batsman,,
nz_l_vincent,Lou Vincent,New Zealand,Batsman,,
sl_i_udana,Isuru Udana,Sri Lanka,Fast Bowler,RCB,
sl_m_pathirana,Matheesha Pathirana,Sri Lanka,Fast Bowler,CSK,
eng_go_jones,Geraint Jones,England,WK-Bat,,
nz_cd_mcmillan,Craig McMillan,New Zealand,Batsman,,
sl_rp_arnold,Russel Arnold,Sri Lanka,Batsman,,
eng_jw_dernbach,Jade Dernbach,England,Fast Bowler,,
wi_rs_morton,Runako Morton,West Indies,Batsman,,
sl_padlr_sandakan,PADLR Sandakan,Sri Lanka,Fast Bowler,,
sa_pwa_mulder,Wiaan Mulder,South Africa,Fast Bowler,SRH,
ind_shahbaz_ahmed,Shahbaz Ahmed,India,Batsman,LSG;RCB;SRH,
ban_tanzid_hasan,Tanzid Hasan,Bangladesh,Batsman,,
sa_ja_rudolph,Jacques Rudolph,South Africa,Batsman,,
sl_cak_rajitha,Kasun Rajitha,Sri Lanka,Fast Bowler,,
wi_ar_nurse,Ashley Nurse,West Indies,Fast Bowler,,
aus_sa_abbott,Sean Abbott,Australia,Fast Bowler,RCB;SRH,
sl_s_prasanna,Seekkuge Prasanna,Sri Lanka,Fast Bowler,,
pak_iftikhar_anjum,Iftikhar Anjum,Pakistan,Fast Bowler,,
ind_s_kaul,Siddarth Kaul,India,Fast Bowler,DC;RCB;SRH,
wi_s_badree,Samuel Badree,West Indies,Fast Bowler,CSK;RCB;RR,
pak_abdur_rehman,Abdur Rehman,Pakistan,Fast Bowler,,
sl_mdk_perera,Dilruwan Perera,Sri Lanka,Fast Bowler,,
wi_j_blackwood,Jermaine Blackwood,West Indies,Batsman,,
wi_kma_paul,Keemo Paul,West Indies,Fast Bowler,DC,
sa_hh_dippenaar,Boeta Dippenaar,South Africa,Batsman,,
pak_mohammad_wasim,Mohammad Wasim,Pakistan,Fast Bowler,,
pak_abrar_ahmed,Abrar Ahmed,Pakistan,Spin Bowler,,
ban_hasan_mahmud,Hasan Mahmud,Bangladesh,Fast Bowler,,
sl_pbb_rajapaksa,Bhanuka Rajapaksa,Sri Lanka,Batsman,PBKS,
sa_an_petersen,Alviro Petersen,South Africa,Batsman,,
eng_sr_patel,Samit Patel,England,Fast Bowler,,
ind_rr_powar,Ramesh Powar,India,Fast Bowler,KTK;PBKS,
eng_ba_carse,Brydon Carse,England,Fast Bowler,,
ind_harshit_rana,Harshit Rana,India,Fast Bowler,KKR,
aus_jn_gillespie,Jason Gillespie,Australia,Fast Bowler,,
wi_cd_collymore,Corey Collymore,West Indies,Fast Bowler,,
sl_am_fernando,Asitha Fernando,Sri Lanka,Fast Bowler,,
ind_sn_khan,Shadab Nabi Khan,India,Batsman,DC;PBKS;RCB,
sl_hapw_jayawardene,HAPW Jayawardene,Sri Lanka,WK-Bat,,
sl_t_thushara,Theertha Thushara,Sri Lanka,Fast Bowler,CSK,
eng_af_giles,Ashley Giles,England,Fast Bowler,,
ind_mukesh_kumar,Mukesh Kumar,India,Fast Bowler,DC,
wi_ssj_brooks,Shamarh Brooks,West Indies,Batsman,,
ban_syed_rasel,Syed Rasel,Bangladesh,Fast Bowler,,
ind_dhruv_jurel,Dhruv Jurel,India,WK-Bat,RR,
eng_jg_bethell,Jacob Bethell,England,Fast Bowler,RCB,
sa_ca_ingram,Colin Ingram,South Africa,Batsman,DC,
sl_tam_siriwardana,Thilina Siriwardana,Sri Lanka,Fast Bowler,,
eng_jm_vince,James Vince,England,Batsman,,
pak_sohaib_maqsood,Sohaib Maqsood,Pakistan,Batsman,,
sl_j_mubarak,Jehan Mubarak,Sri Lanka,Batsman,,
wi_idr_bradshaw,Ian Bradshaw,West Indies,Fast Bowler,,
ind_navdeep_saini,Navdeep Saini,India,Fast Bowler,RCB;RR,
ban_alok_kapali,Alok Kapali,Bangladesh,Batsman,,
sa_d_brevis,Dewald Brevis,South Africa,Batsman,CSK;MI,
wi_ww_hinds,Wavell Hinds,West Indies,Fast Bowler,,
sl_jdf_vandersay,Jeffrey Vandersay,Sri Lanka,Fast Bowler,,
pak_khushdil_shah,Khushdil Shah,Pakistan,Batsman,,
ind_p_negi,Pawan Negi,India,Fast Bowler,CSK;DC;RCB,
wi_n_deonarine,Narsingh Deonarine,West Indies,Fast Bowler,,
nz_nt_broom,Neil Broom,New Zealand,Batsman,,
ind_b_sai_sudharsan,Sai Sudharsan,India,Batsman,GT,
wi_xm_marshall,Xavier Marshall,West Indies,Batsman,,
nz_hjh_marshall,Hamish Marshall,New Zealand,Batsman,,
wi_a_athanaze,Alick Athanaze,West Indies,Batsman,,
wi_o_thomas,Oshane Thomas,West Indies,Fast Bowler,RR,
ind_tu_deshpande,Tushar Deshpande,India,Fast Bowler,CSK;DC;RR,
sa_k_verreynne,Kyle Verreynne,South Africa,WK-Bat,,
eng_ad_mascarenhas,Dimitri Mascarenhas,England,Fast Bowler,PBKS;RR,
aus_psp_handscomb,Peter Handscomb,Australia,Batsman,RPS,
ind_rm_patidar,Rajat Patidar,India,Batsman,RCB,
ind_nithish_kumar_reddy,Nithish Kumar Reddy,India,Batsman,SRH,
aus_jp_behrendorff,Jason Behrendorff,Australia,Fast Bowler,MI,
ind_ms_gony,Manpreet Gony,India,Fast Bowler,CSK;DCH;GL;PBKS,
aus_dp_nannes,Dirk Nannes,Australia,Fast Bowler,CSK;DC;RCB,
sa_g_coetzee,Gerald Coetzee,South Africa,Fast Bowler,GT;MI,
ind_gurkeerat_singh,Gurkeerat Singh,India,Batsman,PBKS;RCB,
wi_tl_best,Tino Best,West Indies,Fast Bowler,,
aus_cj_ferguson,Callum Ferguson,Australia,Batsman,PW,
eng_jl_smith,Joe Smith,England,Batsman,,
ind_r_dhawan,Rishi Dhawan,India,Fast Bowler,MI;PBKS,
eng_mj_hoggard,Matthew Hoggard,England,Fast Bowler,,
pak_mohammad_hasnain,Mohammad Hasnain,Pakistan,Fast Bowler,,
eng_mj_lumb,Michael Lumb,England,Batsman,DCH;RR,
nz_mr_gillespie,Mark Gillespie,New Zealand,Fast Bowler,,
aus_ja_richardson,Jhye Richardson,Australia,Fast Bowler,DC;PBKS,
ban_mohammad_naim,Mohammad Naim,Bangladesh,Batsman,,
eng_mh_yardy,Michael Yardy,England,Fast Bowler,,
sl_rms_eranga,Shaminda Eranga,Sri Lanka,Fast Bowler,,
ind_gh_vihari,Hanuma Vihari,India,Batsman,DC;SRH,
sl_dn_wellalage,Dunith Wellalage,Sri Lanka,Fast Bowler,,
sa_bc_fortuin,Bjorn Fortuin,South Africa,Fast Bowler,,
sa_pl_harris,Prenelan Harris,South Africa,Fast Bowler,,
ban_rajin_saleh,Rajin Saleh,Bangladesh,Batsman,,
ban_sohag_gazi,Sohag Gazi,Bangladesh,Fast Bowler,,
sa_n_boje,Nicky Boje,South Africa,Fast Bowler,,
nz_cl_cairns,Chris Cairns,New Zealand,Fast Bowler,,
ind_s_aravind,Srinath Aravind,India,Fast Bowler,RCB,
nz_dr_flynn,Daniel Flynn,New Zealand,Batsman,,
aus_ds_lehmann,Darren Lehmann,Australia,Fast Bowler,RR,
aus_sm_boland,Scott Boland,Australia,Fast Bowler,RPS,
eng_s_mahmood,Saqib Mahmood,England,Fast Bowler,,
nz_bm_tickner,Blair Tickner,New Zealand,Fast Bowler,,
sl_d_madushanka,Dilshan Madushanka,Sri Lanka,Fast Bowler,,
nz_w_o_rourke,Will O'Rourke,New Zealand,Fast Bowler,LSG,
aus_djm_short,D'Arcy Short,Australia,Batsman,RR,
eng_t_banton,Tom Banton,England,Batsman,KKR,
sl_sht_kandamby,Sahan Kandamby,Sri Lanka,Batsman,,
pak_sahibzada_farhan,Sahibzada Farhan,Pakistan,Batsman,,
ind_m_markande,Mayank Markande,India,Fast Bowler,MI;RR;SRH,
ind_shivam_mavi,Shivam Mavi,India,Fast Bowler,KKR,
sa_nd_mckenzie,Neil McKenzie,South Africa,Batsman,,
wi_jd_campbell,John Campbell,West Indies,Batsman,,
sa_t_de_zorzi,Tony de Zorzi,South Africa,Batsman,,
ind_k_gowtham,Krishnappa Gowtham,India,Batsman,LSG;PBKS;RR,
pak_taufeeq_umar,Taufeeq Umar,Pakistan,Batsman,,
sl_mvt_fernando,Matheesha Fernando,Sri Lanka,Fast Bowler,,
sa_gf_linde,George Linde,South Africa,Fast Bowler,,
ban_ebadat_hossain,Ebadat Hossain,Bangladesh,Fast Bowler,,
sa_be_hendricks,Beuran Hendricks,South Africa,Fast Bowler,PBKS,
pak_anwar_ali,Anwar Ali,Pakistan,Fast Bowler,,
nz_gj_hopkins,Gareth Hopkins,New Zealand,WK-Bat,,
nz_dg_brownlie,Dean Brownlie,New Zealand,Batsman,,
pak_rahat_ali,Rahat Ali,Pakistan,Fast Bowler,,
wi_j_da_silva,Joshua Da Silva,West Indies,WK-Bat,,
wi_rl_powell,Ricardo Powell,West Indies,Batsman,,
sa_c_bosch,Corbin Bosch,South Africa,Fast Bowler,MI,
pak_mohammad_haris,Mohammad Haris,Pakistan,WK-Bat,,
pak_usman_khan,Usman Khan,Pakistan,WK-Bat,,
sl_n_thushara,Nuwan Thushara,Sri Lanka,Fast Bowler,MI;RCB,
wi_ab_barath,Adrian Barath,West Indies,Batsman,PBKS,
sl_hmcm_bandara,HMCM Bandara,Sri Lanka,Fast Bowler,,
wi_dc_thomas,Devon Thomas,West Indies,WK-Bat,,
aus_aj_turner,Ashton Turner,Australia,Batsman,LSG;RR,
sa_jn_malan,Janneman Malan,South Africa,Batsman,,
ind_w_jaffer,Wasim Jaffer,India,Batsman,RCB,
nz_ie_o_brien,Iain O'Brien,New Zealand,Fast Bowler,,
sl_uwmbca_welegedara,UWMBCA Welegedara,Sri Lanka,Fast Bowler,,
pak_umar_amin,Umar Amin,Pakistan,Batsman,,
eng_jwa_taylor,James Taylor,England,Batsman,,
pak_usman_shinwari,Usman Shinwari,Pakistan,Fast Bowler,,
nz_ig_butler,Ian Butler,New Zealand,Fast Bowler,,
wi_s_joseph,Shamar Joseph,West Indies,Fast Bowler,LSG,
pak_hussain_talat,Hussain Talat,Pakistan,Batsman,,
sl_nt_paranavitana,Nishad Paranavitana,Sri Lanka,Batsman,,
eng_rj_burns,Rory Burns,England,Batsman,,
sa_lb_williams,Lizaad Williams,South Africa,Fast Bowler,DC,
aus_aj_bichel,Andy Bichel,Australia,Fast Bowler,,
nz_zgf_foulkes,Zak Foulkes,New Zealand,Fast Bowler,,
ind_bb_sran,Barinder Sran,India,Batsman,MI;PBKS;RR;SRH,
aus_bcj_cutting,Ben Cutting,Australia,Batsman,MI;RR;SRH,
aus_mg_bevan,Michael Bevan,Australia,Batsman,,
ind_ramandeep_singh,Ramandeep Singh,India,Batsman,KKR;MI,
nz_hk_bennett,Hamish Bennett,New Zealand,Fast Bowler,,
eng_cmw_read,Chris Read,England,Batsman,,
sl_udu_chandana,Upul Chandana,Sri Lanka,Fast Bowler,,
ban_tapash_baisya,Tapash Baisya,Bangladesh,Fast Bowler,,
wi_jl_carter,Jonathan Carter,West Indies,Batsman,,
aus_br_mcdermott,Ben McDermott,Australia,Batsman,,
aus_j_fraser_mcgurk,Jake Fraser-McGurk,Australia,Batsman,DC,
eng_jwm_dalrymple,Jamie Dalrymple,England,Batsman,,
wi_rd_jacobs,Ridley Jacobs,West Indies,WK-Bat,,
sa_mn_van_wyk,Morne van Wyk,South Africa,Batsman,KKR,
sa_n_burger,Nandre Burger,South Africa,Fast Bowler,RR,
sa_mp_breetzke,Matthew Breetzke,South Africa,Batsman,LSG,
wi_kok_williams,Keron Williams,West Indies,Fast Bowler,,
sl_gsnfg_jayasuriya,GSNFG Jayasuriya,Sri Lanka,Batsman,,
aus_xc_bartlett,Xavier Bartlett,Australia,Fast Bowler,PBKS,
eng_ct_tremlett,Chris Tremlett,England,Fast Bowler,,
nz_bv_sears,Ben Sears,New Zealand,Fast Bowler,,
sl_b_fernando,Binura Fernando,Sri Lanka,Fast Bowler,,
wi_d_ganga,Daren Ganga,West Indies,Batsman,,
pak_sohail_khan,Sohail Khan,Pakistan,Fast Bowler,,
pak_aizaz_cheema,Aizaz Cheema,Pakistan,Fast Bowler,,
pak_zulfiqar_babar,Zulfiqar Babar,Pakistan,Fast Bowler,,
aus_pm_nevill,Peter Nevill,Australia,WK-Bat,,
ban_saif_hassan,Saif Hassan,Bangladesh,Batsman,,
ind_vrv_singh,VRV Singh,India,Batsman,PBKS,
sa_le_bosman,Loots Bosman,South Africa,Batsman,,
sl_sma_priyanjan,Sachith Priyanjan,Sri Lanka,Batsman,,
pak_hassan_nawaz,Hassan Nawaz,Pakistan,Batsman,,
eng_ts_mills,Tymal Mills,England,Batsman,MI;RCB,
aus_dr_sams,Daniel Sams,Australia,Batsman,DC;MI;RCB,
pak_khurram_manzoor,Khurram Manzoor,Pakistan,Batsman,,
aus_cjl_rogers,Chris Rogers,Australia,Batsman,,
ban_shadman_islam,Shadman Islam,Bangladesh,Batsman,,
sa_jl_ontong,Justin Ontong,South Africa,Batsman,,
sa_kt_maphaka,Kwena Maphaka,South Africa,Fast Bowler,MI;RR,
pak_usman_qadir,Usman Qadir,Pakistan,Fast Bowler,,
aus_rp_meredith,Riley Meredith,Australia,Batsman,MI;PBKS,
pak_faisal_iqbal,Faisal Iqbal,Pakistan,Batsman,,
ban_ziaur_rahman,Ziaur Rahman,Bangladesh,Batsman,,
ban_shamsur_rahman,Shamsur Rahman,Bangladesh,Batsman,,
eng_jt_ball,Jake Ball,England,Fast Bowler,,
ban_tushar_imran,Tushar Imran,Bangladesh,Batsman,,
eng_id_blackwell,Ian Blackwell,England,Batsman,,
sl_rtm_mendis,Ramesh Mendis,Sri Lanka,Fast Bowler,,
wi_m_dillon,Mervyn Dillon,West Indies,Fast Bowler,,
nz_mj_mason,Mitchell Mason,New Zealand,Fast Bowler,,
ind_akash_deep,Akash Deep,India,Fast Bowler,LSG;RCB,
pak_abbas_afridi,Abbas Afridi,Pakistan,Fast Bowler,,
wi_ml_cummins,Miguel Cummins,West Indies,Fast Bowler,,
eng_mj_potts,Matthew Potts,England,Fast Bowler,,
sl_ngrp_jayasuriya,NGRP Jayasuriya,Sri Lanka,Fast Bowler,,
nz_mj_hay,Matthew Hay,New Zealand,Batsman,,
sa_jt_smuts,Jon-Jon Smuts,South Africa,Batsman,,
ind_c_sakariya,Chetan Sakariya,India,Batsman,DC;KKR;RR,
pak_irfan_khan,Irfan Khan,Pakistan,Batsman,,
sa_oeg_baartman,Ottneil Baartman,South Africa,Fast Bowler,,
aus_ij_harvey,Ian Harvey,Australia,Fast Bowler,,
ban_enamul_haque_jnr,Enamul Haque jnr,Bangladesh,Fast Bowler,,
ban_jahurul_islam,Jahurul Islam,Bangladesh,Batsman,,
eng_n_hussain,Nasser Hussain,England,Batsman,,
sl_dnt_zoysa,Nuwan Zoysa,Sri Lanka,Fast Bowler,DCH,
nz_ar_adams,Andre Adams,New Zealand,Fast Bowler,,
ind_joginder_sharma,Joginder Sharma,India,Fast Bowler,CSK,
sa_d_ferreira,Darryn Ferreira,South Africa,Batsman,DC;RR,
ban_nazimuddin,Nazimuddin,Bangladesh,Batsman,,
aus_mt_renshaw,Matt Renshaw,Australia,Batsman,,
sa_l_sipamla,Lutho Sipamla,South Africa,Fast Bowler,,
pak_nauman_ali,Nauman Ali,Pakistan,Fast Bowler,,
aus_ba_williams,Brandon Williams,Australia,Fast Bowler,,
wi_k_pierre,Khary Pierre,West Indies,Batsman,,
aus_sh_johnson,Scott Johnson,Australia,Batsman,GT;KKR,
nz_aj_redmond,Aaron Redmond,New Zealand,Batsman,,
pak_bilawal_bhatti,Bilawal Bhatti,Pakistan,Batsman,,
ind_pankaj_singh,Pankaj Singh,India,Batsman,RCB;RR,
eng_oe_robinson,Ollie Robinson,England,Fast Bowler,,
nz_am_ellis,Adam Ellis,New Zealand,Batsman,,
ban_mehrab_hossain_jnr,Mehrab Hossain jnr,Bangladesh,Batsman,,
ban_suhrawadi_shuvo,Suhrawadi Shuvo,Bangladesh,Batsman,,
sa_rk_kleinveldt,Rory Kleinveldt,South Africa,Fast Bowler,,
sl_kdk_vithanage,Kithuruwan Vithanage,Sri Lanka,Batsman,,
sa_d_paterson,Dane Paterson,South Africa,Fast Bowler,,
eng_shoaib_bashir,Shoaib Bashir,England,Fast Bowler,,
aus_c_connolly,Corey Connolly,Australia,Batsman,,
aus_bj_dwarshuis,Ben Dwarshuis,Australia,Fast Bowler,,
pak_sufiyan_muqeem,Sufiyan Muqeem,Pakistan,Fast Bowler,,
ind_s_tyagi,Shivam Tyagi,India,Batsman,CSK,
aus_mj_owen,Michael Owen,Australia,Batsman,PBKS,
sa_s_muthusamy,Senuran Muthusamy,South Africa,Fast Bowler,,
pak_shabbir_ahmed,Shabbir Ahmed,Pakistan,Fast Bowler,,
sl_hp_tillakaratne,Hashan Tillakaratne,Sri Lanka,Batsman,,
ban_mushfiqur_rahman,Mushfiqur Rahman,Bangladesh,Batsman,,
eng_r_clarke,Rikki Clarke,England,Batsman,,
eng_aj_stewart,Alec Stewart,England,WK-Bat,,
nz_ng_smith,Nathan Smith,New Zealand,Fast Bowler,,
sa_lg_pretorius,Lorraine Pretorius,South Africa,Batsman,,
nz_ce_mcconchie,Cole McConchie,New Zealand,Batsman,,
eng_tr_ambrose,Tim Ambrose,England,Batsman,,
sl_mg_vandort,Michael Vandort,Sri Lanka,Batsman,,
wi_v_permaul,Veerasammy Permaul,West Indies,Fast Bowler,,
ban_shuvagata_hom,Shuvagata Hom,Bangladesh,Batsman,,
pak_sami_aslam,Sami Aslam,Pakistan,Batsman,,
eng_kk_jennings,Keaton Jennings,England,Batsman,,
sl_l_embuldeniya,Lasith Embuldeniya,Sri Lanka,Fast Bowler,,
sl_ml_udawatte,Mahela Udawatte,Sri Lanka,Batsman,,
wi_ra_reifer,Raymon Reifer,West Indies,Batsman,,
ban_hannan_sarkar,Hannan Sarkar,Bangladesh,Batsman,,
ind_ks_bharat,Srikar Bharat,India,Batsman,DC;RCB,
aus_mp_kuhnemann,Matt Kuhnemann,Australia,Fast Bowler,,
sl_knm_fernando,Kumara Fernando,Sri Lanka,Batsman,,
pak_kamran_ghulam,Kamran Ghulam,Pakistan,Batsman,,
sl_pm_liyanagamage,Pramod Liyanagamage,Sri Lanka,Fast Bowler,,
nz_cj_bowes,Cam Bowes,New Zealand,Batsman,,
pak_khalid_latif,Khalid Latif,Pakistan,Batsman,,
aus_b_laughlin,Ben Laughlin,Australia,Batsman,CSK;RR,
wi_s_shillingford,Shane Shillingford,West Indies,Fast Bowler,,
aus_snj_o_keefe,Steve O'Keefe,Australia,Fast Bowler,,
ban_manjural_islam_rana,Manjural Islam Rana,Bangladesh,Batsman,,
pak_aamer_jamal,Aamer Jamal,Pakistan,Fast Bowler,,
nz_ap_devcich,Anton Devcich,New Zealand,Batsman,,
sa_ssb_magala,Sisanda Magala,South Africa,Fast Bowler,CSK,
wi_y_cariah,Yannic Cariah,West Indies,Batsman,,
pak_tayyab_tahir,Tayyab Tahir,Pakistan,Batsman,,
sl_da_gunawardene,Dammika Gunawardene,Sri Lanka,Batsman,,
sl_ks_lokuarachchi,Kaushal Lokuarachchi,Sri Lanka,Batsman,,
aus_pa_jaques,Phil Jaques,Australia,Batsman,,
sl_sm_warnapura,Sadeesh Warnapura,Sri Lanka,Batsman,,
sa_m_zondeki,Monde Zondeki,South Africa,Fast Bowler,,
nz_tg_mcintosh,Tim McIntosh,New Zealand,Batsman,,
sa_tb_de_bruyn,Theunis de Bruyn,South Africa,Batsman,,
eng_c_overton,Craig Overton,England,Fast Bowler,,
ban_nazmul_islam,Nazmul Islam,Bangladesh,Batsman,,
aus_mj_swepson,Mitchell Swepson,Australia,Fast Bowler,,
sa_dg_bedingham,David Bedingham,South Africa,Batsman,,
sl_emdy_munaweera,EMDY Munaweera,Sri Lanka,Batsman,,
nz_bg_lister,Ben Lister,New Zealand,Batsman,,
sl_pdrl_perera,PDRL Perera,Sri Lanka,Batsman,,
pak_hammad_azam,Hammad Azam,Pakistan,Batsman,,
aus_pj_forrest,Peter Forrest,Australia,Batsman,,
ind_sb_bangar,Sanjay Bangar,India,Batsman,DCH;KKR,
nz_rm_hira,Ronnie Hira,New Zealand,Batsman,,
nz_jah_marshall,James Marshall,New Zealand,Batsman,,
eng_a_shahzad,Ajmal Shahzad,England,Fast Bowler,,
eng_dm_bess,Dom Bess,England,Fast Bowler,,
sl_pls_gamage,Lahiru Gamage,Sri Lanka,Batsman,,
eng_j_lewis,Jon Lewis,England,Fast Bowler,,
pak_sajid_khan,Sajid Khan,Pakistan,Fast Bowler,,
sa_kd_petersen,Kevin Petersen,South Africa,Batsman,,
wi_vc_drakes,Vasbert Drakes,West Indies,Batsman,,
sa_cj_dala,Junior Dala,South Africa,Batsman,DC,
pak_usama_mir,Usama Mir,Pakistan,Batsman,,
wi_k_santokie,Krishmar Santokie,West Indies,Batsman,MI,
pak_salman_mirza,Salman Mirza,Pakistan,Batsman,,
wi_ls_baker,Lionel Baker,West Indies,Batsman,,
nz_pj_ingram,Peter Ingram,New Zealand,Batsman,,
ban_robiul_islam,Robiul Islam,Bangladesh,Fast Bowler,,
eng_gj_batty,Gareth Batty,England,Batsman,,
wi_pt_collins,Pedro Collins,West Indies,Fast Bowler,,
eng_ar_caddick,Andrew Caddick,England,Fast Bowler,,
ind_fy_fazal,Faiz Fazal,India,Batsman,RR,
pak_shahnawaz_dhani,Shahnawaz Dhani,Pakistan,Batsman,,
nz_hb_shipley,Henry Shipley,New Zealand,Batsman,,
wi_dc_drakes,Devon Drakes,West Indies,Batsman,,
eng_nv_knight,Nick Knight,England,Batsman,,
wi_awj_auguste,Akeem Auguste,West Indies,Batsman,,
sa_ya_abdulla,Yusuf Abdulla,South Africa,Batsman,PBKS,
wi_s_chattergoon,Sewnarine Chattergoon,West Indies,Batsman,,
wi_dm_richards,Dave Richards,West Indies,Batsman,,
ban_elias_sunny,Elias Sunny,Bangladesh,Fast Bowler,,
sa_dl_piedt,Dane Piedt,South Africa,Fast Bowler,,
wi_lr_johnson,Leon Johnson,West Indies,Batsman,,
sa_s_van_zyl,Stiaan van Zyl,South Africa,Batsman,,
aus_nj_maddinson,Nic Maddinson,Australia,Batsman,RCB,
sl_ars_silva,Ashan Randika Silva,Sri Lanka,Batsman,,
wi_ka_hope,Kyle Hope,West Indies,Batsman,,
sl_m_bhanuka,Minod Bhanuka,Sri Lanka,Batsman,,
wi_aa_jangoo,Amir Jangoo,West Indies,Batsman,,
ind_a_kamboj,Anshul Kamboj,India,Batsman,CSK;MI,
sl_ak_perera,Avishka Perera,Sri Lanka,Batsman,,
ban_abu_hider,Abu Hider,Bangladesh,Batsman,,
eng_l_gregory,Lewis Gregory,England,Batsman,,
ban_dhiman_ghosh,Dhiman Ghosh,Bangladesh,WK-Bat,,
sa_l_klusener,Lance Klusener,South Africa,Batsman,,
eng_ag_wharf,Alex Wharf,England,Batsman,,
nz_bm_wheeler,Ben Wheeler,New Zealand,Batsman,,
ban_tanvir_islam,Tanvir Islam,Bangladesh,Batsman,,
pak_azam_khan,Azam Khan,Pakistan,Batsman,,
wi_ro_hinds,Ryan Hinds,West Indies,Batsman,,
sa_sc_cook,Stephen Cook,South Africa,Batsman,,
sa_hg_kuhn,Heino Kuhn,South Africa,Batsman,,
aus_ct_bancroft,Cameron Bancroft,Australia,Batsman,,
eng_md_stoneman,Mark Stoneman,England,Batsman,,
ban_ariful_haque,Ariful Haque,Bangladesh,Batsman,,
eng_sp_jones,Simon Jones,England,Fast Bowler,,
sa_k_zondo,Khaya Zondo,South Africa,Batsman,,
eng_ma_butcher,Mark Butcher,England,Batsman,,
wi_a_phillip,Anderson Phillip,West Indies,Batsman,,
sl_kna_bandara,Kithuruwan Bandara,Sri Lanka,Batsman,,
ban_rony_talukdar,Rony Talukdar,Bangladesh,Batsman,,
aus_t_sangha,Tanveer Sangha,Australia,Batsman,,
nz_ja_clarkson,Jordan Clarkson,New Zealand,Batsman,,
eng_p_mustard,Phil Mustard,England,Batsman,,
sa_h_davids,Henry Davids,South Africa,Batsman,,
pak_raza_hasan,Raza Hasan,Pakistan,Batsman,,
ind_s_sandeep_warrier,Sandeep Warrier,India,Batsman,GT;KKR,
aus_jj_krejza,Jason Krejza,Australia,Fast Bowler,,
pak_ehsan_adil,Ehsan Adil,Pakistan,Batsman,,
eng_h_hameed,Haseeb Hameed,England,Batsman,,
sa_sj_erwee,Sarel Erwee,South Africa,Batsman,,
eng_az_lees,Alex Lees,England,Batsman,,
eng_rl_johnson,Richard Johnson,England,Batsman,,
wi_m_louis,Mikyle Louis,West Indies,Batsman,,
nz_sha_rance,Seth Rance,New Zealand,Batsman,,
nz_d_cleaver,Dane Cleaver,New Zealand,Batsman,,
wi_a_martin,Alvin Martin,West Indies,Batsman,,
eng_rc_irani,Ronnie Irani,England,Batsman,,
sl_p_rathnayake,Pramod Rathnayake,Sri Lanka,Batsman,,
sa_pj_van_biljon,Pieter van Biljon,South Africa,Batsman,,
sa_a_simelane,Andile Simelane,South Africa,Batsman,,
wi_fl_reifer,Floyd Reifer,West Indies,Batsman,,
nz_cfk_van_wyk,Corné van Wyk,New Zealand,Batsman,,
wi_rrs_cornwall,Rahkeem Cornwall,West Indies,Fast Bowler,,
sa_zubayr_hamza,Zubayr Hamza,South Africa,Batsman,,
wi_sc_joseph,Shane Joseph,West Indies,Batsman,,
sl_hdpk_dharmasena,HDPK Dharmasena,Sri Lanka,Batsman,,
sa_m_van_jaarsveld,Martin van Jaarsveld,South Africa,Batsman,,
pak_zahid_mahmood,Zahid Mahmood,Pakistan,Fast Bowler,,
pak_saleem_elahi,Saleem Elahi,Pakistan,Batsman,,
ban_shahadat_hossain_2,Shahadat Hossain,Bangladesh,Batsman,,
eng_jm_cox,Jordan Cox,England,Batsman,,
wi_j_blades,Jermaine Blades,West Indies,Batsman,,
sl_k_weeraratne,Kithuruwan Weeraratne,Sri Lanka,Batsman,,
sl_rap_nissanka,Pathum Nissanka,Sri Lanka,Batsman,,
ban_sanwar_hossain,Sanwar Hossain,Bangladesh,Batsman,,
sl_ws_jayantha,Wanigamuni Jayantha,Sri Lanka,Batsman,,
eng_rj_gleeson,Richard Gleeson,England,Batsman,CSK;MI,
sl_mkdi_amerasinghe,MKDI Amerasinghe,Sri Lanka,Batsman,,
ban_mahbubul_alam,Mahbubul Alam,Bangladesh,Batsman,,
pak_mohammad_salman,Mohammad Salman,Pakistan,WK-Bat,,
sl_pht_kaushal,Tharindu Kaushal,Sri Lanka,Fast Bowler,,
pak_bilal_asif,Bilal Asif,Pakistan,Fast Bowler,,
nz_mhw_papps,Michael Papps,New Zealand,Batsman,,
wi_d_mohammed,Dave Mohammed,West Indies,Batsman,,
pak_mohammad_ali,Mohammad Ali,Pakistan,Batsman,,
aus_bj_webster,Beau Webster,Australia,Batsman,,
sl_mnk_fernando,Minod Fernando,Sri Lanka,Batsman,,
wi_j_andrew,Jermaine Andrew,West Indies,Batsman,,
nz_pa_hitchcock,Paul Hitchcock,New Zealand,Batsman,,
sl_rs_kaluwitharana,Romesh Kaluwitharana,Sri Lanka,Batsman,,
sl_pc_de_silva,Pathum de Silva,Sri Lanka,Batsman,,
sl_jrmvb_sanjaya,JRMVB Sanjaya,Sri Lanka,Batsman,,
pak_jahandad_khan,Jahandad Khan,Pakistan,Batsman,,
pak_mohammad_talha,Mohammad Talha,Pakistan,Batsman,,
pak_abdur_rauf,Abdur Rauf,Pakistan,Batsman,,
wi_gc_tonge,Gavin Tonge,West Indies,Batsman,,
pak_zulqarnain_haider,Zulqarnain Haider,Pakistan,Batsman,,
pak_tanvir_ahmed,Tanvir Ahmed,Pakistan,Batsman,,
eng_sd_robson,Sam Robson,England,Batsman,,
sa_dj_vilas,Dane Vilas,South Africa,Batsman,,
ban_kamrul_islam_rabbi,Kamrul Islam Rabbi,Bangladesh,Batsman,,
wi_jjc_lawson,Jermaine Lawson,West Indies,Batsman,,
eng_rj_kirtley,Robert Kirtley,England,Batsman,,
ban_manjural_islam,Manjural Islam,Bangladesh,Batsman,,
eng_c_white,Craig White,England,Batsman,,
eng_js_foster,James Foster,England,WK-Bat,,
sl_ld_madushanka,Lahiru Madushanka,Sri Lanka,Batsman,,
sl_madi_hemantha,MADI Hemantha,Sri Lanka,Batsman,,
sa_jf_smith,Jason Smith,South Africa,Batsman,,
eng_dr_mousley,Dan Mousley,England,Batsman,,
sl_c_wickramasinghe,Chaminda Wickramasinghe,Sri Lanka,Batsman,,
pak_arshad_khan,Arshad Khan,Pakistan,Batsman,,
ind_jai_prakash_yadav,Jai Prakash Yadav,India,Batsman,,
aus_ml_lewis,Mitch Lewis,Australia,Batsman,,
eng_mb_loye,Mal Loye,England,Batsman,,
ban_dolar_mahmud,Dolar Mahmud,Bangladesh,Batsman,,
nz_lj_woodcock,Luke Woodcock,New Zealand,Batsman,,
eng_sd_parry,Stephen Parry,England,Batsman,,
aus_jp_maher,Jimmy Maher,Australia,Batsman,,
sl_pw_gunaratne,Priyanga Gunaratne,Sri Lanka,Batsman,,
ind_hk_badani,Hemang Badani,India,Batsman,,
nz_cj_nevin,Chris Nevin,New Zealand,Batsman,,
sa_m_mosehle,Mangaliso Mosehle,South Africa,Batsman,,
sa_pe_kruger,Pieter Kruger,South Africa,Batsman,,
aus_cj_boyce,Cameron Boyce,Australia,Batsman,,
nz_bj_arnel,Brent Arnel,New Zealand,Batsman,,
ban_mohammad_shahid,Mohammad Shahid,Bangladesh,Batsman,,
nz_wer_somerville,Will Somerville,New Zealand,Batsman,,
pak_imran_butt,Imran Butt,Pakistan,Batsman,,
nz_mh_richardson,Mark Richardson,New Zealand,Batsman,,
wi_ksa_mckenzie,Kaveem McKenzie,West Indies,Batsman,,
pak_khurram_shahzad,Khurram Shahzad,Pakistan,Fast Bowler,,
sl_rmmp_rathnayake,RMMP Rathnayake,Sri Lanka,Batsman,,
wi_ta_imlach,Trent Imlach,West Indies,Batsman,,
pak_aamer_yamin,Aamer Yamin,Pakistan,Batsman,,
wi_c_hemraj,Chandrapaul Hemraj,West Indies,Batsman,,
nz_d_foxcroft,Dean Foxcroft,New Zealand,Batsman,,
sa_r_telemachus,Roger Telemachus,South Africa,Batsman,,
wi_rr_emrit,Rayad Emrit,West Indies,Batsman,,
wi_se_findlay,Shai Findlay,West Indies,Batsman,,
pak_asad_ali,Asad Ali,Pakistan,Batsman,,
sa_ac_dawson,Andrew Dawson,South Africa,Batsman,,
eng_jo_troughton,Jim Troughton,England,Batsman,,
sl_tcb_fernando,Theekshana Fernando,Sri Lanka,Batsman,,
pak_saad_nasim,Saad Nasim,Pakistan,Batsman,,
pak_omair_yousuf,Omair Yousuf,Pakistan,Batsman,,
wi_cd_barnwell,Christopher Barnwell,West Indies,Batsman,,
pak_mukhtar_ahmed,Mukhtar Ahmed,Pakistan,Batsman,,
aus_ga_manou,Graham Manou,Australia,Batsman,,
sl_ckb_kulasekara,Nuwan Kulasekara,Sri Lanka,Batsman,,
wi_r_chandrika,Rajendra Chandrika,West Indies,Batsman,,
ban_subashis_roy,Subashis Roy,Bangladesh,Batsman,,
pak_muhammad_musa,Muhammad Musa,Pakistan,Batsman,,
eng_t_westley,Tom Westley,England,Batsman,,
pak_shahid_nazir,Shahid Nazir,Pakistan,Batsman,,
wi_oac_banks,Omari Banks,West Indies,Batsman,,
aus_j_weatherald,Jake Weatherald,Australia,Batsman,,
sl_ssd_arachchige,Sachith Arachchige,Sri Lanka,Batsman,,
pak_haseebullah_khan,Haseebullah Khan,Pakistan,Batsman,,
pak_bazid_khan,Bazid Khan,Pakistan,Batsman,,
wi_dk_butler,Demetrius Butler,West Indies,Batsman,,
nz_md_bates,Michael Bates,New Zealand,Batsman,,
sa_am_bacher,Adam Bacher,South Africa,Batsman,,
wi_cl_hooper,Carl Hooper,West Indies,Batsman,,
pak_saeed_anwar,Saeed Anwar,Pakistan,Batsman,,
nz_ak_kitchen,Angus Kitchen,New Zealand,Batsman,,
sl_cu_jayasinghe,Chamindu Jayasinghe,Sri Lanka,Batsman,,
pak_awais_zia,Awais Zia,Pakistan,Batsman,,
aus_jm_muirhead,James Muirhead,Australia,Batsman,,
